{
  "Author": "DemiCat",
  "Name": "DemiCat",
  "InternalName": "DemiCatPlugin",
  "AssemblyVersion": "1.0.0.0",
  "Description": "DemiCat Dalamud plugin.",
  "ApplicableVersion": "any",
  "RepoUrl": "https://github.com/jackandcarter/DemiCat",
  "DalamudApiLevel": 13,
  "LoadRequiredState": 0,
  "LoadSync": false,
  "CanUnloadAsync": false,
  "LoadPriority": 0,
  "IconUrl": "https://cdn.discordapp.com/attachments/1337791050294755380/1337854067560550422/Demi_Bot_Logo.png?ex=689a37b1&is=6898e631&hm=1b96e426ca9dcd7f80395ecc7ca274e7ee71cee19c6bae73d20954fc13f6ce95&",
  "Punchline": "Discord-linked FC tools and chat.",
  "AcceptsFeedback": true
}