{
  "Author": "Demi Dev Unit",
  "Name": "DemiCat",
  "InternalName": "DemiCatPlugin",
  "AssemblyVersion": "1.2.1.1",
  "Description": "DemiCat Dalamud plugin.",
  "ApplicableVersion": "any",
  "RepoUrl": "https://github.com/jackandcarter/DemiCat",
  "DalamudApiLevel": 13,
  "LoadRequiredState": 0,
  "LoadSync": false,
  "CanUnloadAsync": false,
  "LoadPriority": 0,
  "IconUrl": "https://the-demiurge.com/DemiDevUnit/icon.png",
  "Punchline": "Discord-linked FC tools and chat.",
  "AcceptsFeedback": true
}